state,numcol,yieldpercol,totalprod,stocks,priceperlb,prodvalue,year
AL,16000,71,"1,136,000.00",159000,0.72,818000,1998
AZ,55000,60,"3,300,000.00",1485000,0.64,2112000,1998
AR,53000,65,"3,445,000.00",1688000,0.59,2033000,1998
CA,450000,83,"37,350,000.00",12326000,0.62,23157000,1998
CO,27000,72,"1,944,000.00",1594000,0.7,1361000,1998
FL,230000,98,"22,540,000.00",4508000,0.64,14426000,1998
GA,75000,56,"4,200,000.00",307000,0.69,2898000,1998
HI,8000,118,"944,000.00",66000,0.77,727000,1998
ID,120000,50,"6,000,000.00",2220000,0.65,3900000,1998
IL,9000,71,"639,000.00",204000,1.19,760000,1998
IN,9000,92,"828,000.00",489000,0.85,704000,1998
IA,50000,78,"3,900,000.00",2301000,0.7,2730000,1998
KS,16000,46,"736,000.00",390000,0.87,640000,1998
KY,3000,50,"150,000.00",51000,1.4,210000,1998
LA,41000,111,"4,551,000.00",865000,0.59,2685000,1998
ME,10000,26,"260,000.00",117000,0.69,179000,1998
MD,7000,44,"308,000.00",92000,1.1,339000,1998
MI,80000,85,"6,800,000.00",3672000,0.66,4488000,1998
MN,140000,79,"11,060,000.00",2765000,0.65,7189000,1998
MS,18000,86,"1,548,000.00",898000,0.58,898000,1998
MO,23000,66,"1,518,000.00",455000,0.76,1154000,1998
MT,115000,122,"14,030,000.00",5472000,0.64,8979000,1998
NE,64000,70,"4,480,000.00",2240000,0.86,3853000,1998
NV,10000,46,"460,000.00",175000,1.65,759000,1998
NJ,11000,49,"539,000.00",167000,0.76,410000,1998
NM,14000,55,"770,000.00",470000,0.76,585000,1998
NY,65000,80,"5,200,000.00",2444000,0.7,3640000,1998
NC,8000,59,"472,000.00",151000,1.38,651000,1998
ND,230000,128,"29,440,000.00",8832000,0.63,18547000,1998
OH,18000,78,"1,404,000.00",702000,0.83,1165000,1998
OK,4000,51,"204,000.00",63000,1.24,253000,1998
OR,50000,45,"2,250,000.00",1620000,0.9,2025000,1998
PA,26000,66,"1,716,000.00",789000,0.8,1373000,1998
SD,225000,95,"21,375,000.00",10901000,0.64,13680000,1998
TN,7000,64,"448,000.00",121000,1.32,591000,1998
TX,91000,77,"7,007,000.00",1612000,0.62,4344000,1998
UT,30000,58,"1,740,000.00",557000,0.65,1131000,1998
VT,6000,64,"384,000.00",207000,0.85,326000,1998
VA,8000,37,"296,000.00",86000,1.33,394000,1998
WA,58000,51,"2,958,000.00",1361000,0.64,1893000,1998
WV,6000,55,"330,000.00",155000,1.14,376000,1998
WI,89000,91,"8,099,000.00",5264000,0.72,5831000,1998
WY,46000,60,"2,760,000.00",524000,0.68,1877000,1998
AL,17000,68,"1,156,000.00",185000,0.56,647000,1999
AZ,52000,62,"3,224,000.00",1548000,0.62,1999000,1999
AR,52000,89,"4,628,000.00",2592000,0.53,2453000,1999
CA,465000,60,"27,900,000.00",9486000,0.55,15345000,1999
CO,27000,76,"2,052,000.00",1436000,0.68,1395000,1999
FL,228000,102,"23,256,000.00",4186000,0.53,12326000,1999
GA,65000,51,"3,315,000.00",497000,0.64,2122000,1999
HI,8000,80,"640,000.00",32000,0.8,512000,1999
ID,120000,48,"5,760,000.00",3110000,0.59,3398000,1999
IL,9000,66,"594,000.00",327000,1.15,683000,1999
IN,10000,81,"810,000.00",437000,0.9,729000,1999
IA,40000,65,"2,600,000.00",2028000,0.65,1690000,1999
KS,13000,67,"871,000.00",854000,1.11,967000,1999
KY,3000,50,"150,000.00",12000,1.24,186000,1999
LA,48000,114,"5,472,000.00",821000,0.49,2681000,1999
ME,14000,22,"308,000.00",89000,0.83,256000,1999
MD,6000,46,"276,000.00",50000,1.64,453000,1999
MI,73000,85,"6,205,000.00",3475000,0.66,4095000,1999
MN,145000,82,"11,890,000.00",3210000,0.61,7253000,1999
MS,18000,73,"1,314,000.00",591000,0.54,710000,1999
MO,24000,65,"1,560,000.00",437000,0.68,1061000,1999
MT,122000,70,"8,540,000.00",2135000,0.6,5124000,1999
NE,58000,77,"4,466,000.00",1965000,0.61,2724000,1999
NV,9000,45,"405,000.00",271000,1.54,624000,1999
NJ,10000,44,"440,000.00",154000,0.57,251000,1999
NM,15000,52,"780,000.00",476000,0.77,601000,1999
NY,69000,70,"4,830,000.00",2077000,0.66,3188000,1999
NC,9000,46,"414,000.00",104000,1.62,671000,1999
ND,255000,105,"26,775,000.00",8836000,0.59,15797000,1999
OH,20000,74,"1,480,000.00",784000,0.72,1066000,1999
OK,6000,45,"270,000.00",49000,1.34,362000,1999
OR,45000,57,"2,565,000.00",2026000,0.8,2052000,1999
PA,28000,60,"1,680,000.00",790000,0.76,1277000,1999
SD,224000,104,"23,296,000.00",13046000,0.6,13978000,1999
TN,8000,51,"408,000.00",106000,1.3,530000,1999
TX,108000,81,"8,748,000.00",2799000,0.64,5599000,1999
UT,26000,45,"1,170,000.00",433000,0.68,796000,1999
VT,6000,66,"396,000.00",222000,0.63,249000,1999
VA,7000,35,"245,000.00",86000,1.17,287000,1999
WA,52000,50,"2,600,000.00",1170000,0.6,1560000,1999
WV,6000,39,"234,000.00",152000,1.09,255000,1999
WI,80000,75,"6,000,000.00",4560000,0.68,4080000,1999
WY,37000,72,"2,664,000.00",746000,0.61,1625000,1999
AL,16000,78,"1,248,000.00",187000,0.59,736000,2000
AZ,40000,59,"2,360,000.00",1322000,0.73,1723000,2000
AR,52000,93,"4,836,000.00",3337000,0.57,2757000,2000
CA,440000,70,"30,800,000.00",11396000,0.59,18172000,2000
CO,29000,60,"1,740,000.00",957000,0.62,1079000,2000
FL,232000,105,"24,360,000.00",2923000,0.54,13154000,2000
GA,55000,57,"3,135,000.00",376000,0.63,1975000,2000
HI,7000,112,"784,000.00",125000,0.82,643000,2000
ID,1.00E+05,47,"4,700,000.00",2679000,0.52,2444000,2000
IL,8000,61,"488,000.00",146000,1.17,571000,2000
IN,8000,65,"520,000.00",286000,1.03,536000,2000
IA,30000,67,"2,010,000.00",1206000,0.68,1367000,2000
KS,15000,68,"1,020,000.00",520000,0.91,928000,2000
KY,4000,48,"192,000.00",54000,1.35,259000,2000
LA,43000,94,"4,042,000.00",1334000,0.52,2102000,2000
ME,11000,21,"231,000.00",143000,0.75,173000,2000
MD,6000,46,"276,000.00",52000,1.14,315000,2000
MI,72000,75,"5,400,000.00",2970000,0.6,3240000,2000
MN,150000,90,"13,500,000.00",3105000,0.57,7695000,2000
MS,17000,72,"1,224,000.00",649000,0.69,845000,2000
MO,23000,75,"1,725,000.00",362000,0.6,1035000,2000
MT,124000,88,"10,912,000.00",4692000,0.59,6438000,2000
NE,50000,87,"4,350,000.00",2610000,0.59,2567000,2000
NV,10000,35,"350,000.00",95000,1.45,508000,2000
NJ,11000,35,"385,000.00",2.00E+05,0.61,235000,2000
NM,15000,64,"960,000.00",739000,0.72,691000,2000
NY,58000,80,"4,640,000.00",2274000,0.55,2552000,2000
NC,11000,49,"539,000.00",243000,1.43,771000,2000
ND,3.00E+05,115,"34,500,000.00",13800000,0.57,19665000,2000
OH,18000,65,"1,170,000.00",585000,0.79,924000,2000
OK,7000,35,"245,000.00",64000,1.26,309000,2000
OR,48000,51,"2,448,000.00",1665000,0.66,1616000,2000
PA,25000,45,"1,125,000.00",630000,0.76,855000,2000
SD,235000,121,"28,435,000.00",12796000,0.58,16492000,2000
TN,9000,61,"549,000.00",104000,1.43,785000,2000
TX,105000,79,"8,295,000.00",2986000,0.57,4728000,2000
UT,24000,41,"984,000.00",462000,0.6,590000,2000
VT,7000,59,"413,000.00",211000,0.68,281000,2000
VA,7000,42,"294,000.00",103000,1.5,441000,2000
WA,52000,54,"2,808,000.00",1151000,0.58,1629000,2000
WV,7000,54,"378,000.00",234000,1.22,461000,2000
WI,84000,90,"7,560,000.00",4385000,0.68,5141000,2000
WY,39000,93,"3,627,000.00",798000,0.59,2140000,2000
AL,14000,73,"1,022,000.00",235000,0.72,736000,2001
AZ,43000,59,"2,537,000.00",1142000,0.72,1827000,2001
AR,50000,98,"4,900,000.00",1617000,0.65,3185000,2001
CA,460000,61,"28,060,000.00",7857000,0.69,19361000,2001
CO,26000,55,"1,430,000.00",529000,0.71,1015000,2001
FL,220000,100,"22,000,000.00",3432000,0.64,14080000,2001
GA,55000,57,"3,135,000.00",188000,0.7,2195000,2001
HI,8000,87,"696,000.00",84000,0.87,606000,2001
ID,1.00E+05,46,"4,600,000.00",1610000,0.67,3082000,2001
IL,6000,76,"456,000.00",251000,1.58,720000,2001
IN,7000,76,"532,000.00",186000,0.92,489000,2001
IA,33000,51,"1,683,000.00",875000,0.75,1262000,2001
KS,13000,51,"663,000.00",530000,0.96,636000,2001
KY,4000,78,"312,000.00",125000,1.41,440000,2001
LA,45000,106,"4,770,000.00",572000,0.6,2862000,2001
ME,11000,20,"220,000.00",106000,0.79,174000,2001
MD,4000,46,"184,000.00",55000,1.6,294000,2001
MI,76000,60,"4,560,000.00",2827000,0.81,3694000,2001
MN,135000,81,"10,935,000.00",1859000,0.65,7108000,2001
MS,17000,66,"1,122,000.00",224000,0.89,999000,2001
MO,22000,61,"1,342,000.00",336000,0.71,953000,2001
MT,136000,102,"13,872,000.00",4578000,0.67,9294000,2001
NE,43000,48,"2,064,000.00",1115000,0.72,1486000,2001
NV,9000,50,"450,000.00",36000,2.14,963000,2001
NJ,11000,34,"374,000.00",71000,0.85,318000,2001
NM,10000,70,"700,000.00",350000,0.66,462000,2001
NY,53000,70,"3,710,000.00",1781000,0.79,2931000,2001
NC,13000,44,"572,000.00",172000,1.48,847000,2001
ND,280000,96,"26,880,000.00",9408000,0.69,18547000,2001
OH,18000,81,"1,458,000.00",569000,1.01,1473000,2001
OK,4000,47,"188,000.00",105000,1.43,269000,2001
OR,44000,44,"1,936,000.00",1200000,0.74,1433000,2001
PA,26000,57,"1,482,000.00",785000,0.92,1363000,2001
SC,7000,40,"280,000.00",67000,0.79,221000,2001
SD,235000,65,"15,275,000.00",12220000,0.71,10845000,2001
TN,8000,59,"472,000.00",131000,1.39,656000,2001
TX,97000,79,"7,663,000.00",1533000,0.65,4981000,2001
UT,23000,38,"874,000.00",315000,0.65,568000,2001
VT,7000,81,"567,000.00",249000,0.92,522000,2001
VA,9000,52,"468,000.00",94000,1.26,590000,2001
WA,48000,52,"2,496,000.00",1048000,0.72,1797000,2001
WV,7000,65,"455,000.00",410000,1.42,646000,2001
WI,67000,81,"5,427,000.00",3419000,0.82,4450000,2001
WY,38000,77,"2,926,000.00",468000,0.65,1902000,2001
AL,12000,86,"1,032,000.00",103000,1.18,1218000,2002
AZ,38000,63,"2,394,000.00",1197000,1.08,2586000,2002
AR,45000,88,"3,960,000.00",871000,1.26,4990000,2002
CA,470000,50,"23,500,000.00",3525000,1.32,31020000,2002
CO,24000,60,"1,440,000.00",576000,1.29,1858000,2002
FL,220000,93,"20,460,000.00",2026000,1.14,23324000,2002
GA,50000,52,"2,600,000.00",52000,1.13,2938000,2002
HI,7000,136,"952,000.00",29000,1.11,1057000,2002
ID,1.00E+05,57,"5,700,000.00",1653000,1.37,7809000,2002
IL,9000,80,"720,000.00",130000,1.47,1058000,2002
IN,8000,62,"496,000.00",233000,1.19,590000,2002
IA,33000,70,"2,310,000.00",901000,1.43,3303000,2002
KS,17000,52,"884,000.00",407000,1.5,1326000,2002
KY,5000,54,"270,000.00",78000,1.63,440000,2002
LA,35000,124,"4,340,000.00",347000,1.16,5034000,2002
ME,11000,41,"451,000.00",266000,1.21,546000,2002
MD,3000,46,"138,000.00",21000,1.96,270000,2002
MI,72000,77,"5,544,000.00",1885000,1.4,7762000,2002
MN,117000,73,"8,541,000.00",1110000,1.47,12555000,2002
MS,18000,78,"1,404,000.00",281000,1.23,1727000,2002
MO,18000,50,"900,000.00",189000,1.42,1278000,2002
MT,134000,63,"8,442,000.00",1097000,1.38,11650000,2002
NE,43000,75,"3,225,000.00",1161000,1.49,4805000,2002
NV,9000,62,"558,000.00",61000,2.67,1490000,2002
NJ,11000,40,"440,000.00",92000,1,440000,2002
NM,11000,44,"484,000.00",252000,1.1,532000,2002
NY,60000,98,"5,880,000.00",2470000,1.25,7350000,2002
NC,16000,42,"672,000.00",74000,1.41,948000,2002
ND,320000,75,"24,000,000.00",8160000,1.46,35040000,2002
OH,18000,70,"1,260,000.00",504000,1.44,1814000,2002
OK,3000,53,"159,000.00",51000,1.63,259000,2002
OR,43000,49,"2,107,000.00",885000,1.35,2844000,2002
PA,29000,57,"1,653,000.00",827000,1.34,2215000,2002
SC,5000,94,"470,000.00",14000,1.25,588000,2002
SD,225000,51,"11,475,000.00",2410000,1.42,16295000,2002
TN,8000,61,"488,000.00",137000,1.4,683000,2002
TX,114000,67,"7,638,000.00",985000,1.14,8707000,2002
UT,22000,59,"1,298,000.00",208000,1.3,1687000,2002
VT,7000,89,"623,000.00",274000,1.2,748000,2002
VA,8000,38,"304,000.00",79000,1.9,578000,2002
WA,50000,51,"2,550,000.00",561000,1.27,3239000,2002
WV,9000,51,"459,000.00",151000,1.32,606000,2002
WI,70000,95,"6,650,000.00",2461000,1.34,8911000,2002
WY,38000,63,"2,394,000.00",383000,1.33,3184000,2002
AL,13000,82,"1,066,000.00",43000,1.24,1322000,2003
AZ,35000,72,"2,520,000.00",983000,1.34,3377000,2003
AR,40000,75,"3,000,000.00",810000,1.26,3780000,2003
CA,480000,67,"32,160,000.00",6432000,1.39,44702000,2003
CO,24000,86,"2,064,000.00",722000,1.4,2890000,2003
FL,210000,71,"14,910,000.00",1491000,1.32,19681000,2003
GA,52000,65,"3,380,000.00",270000,1.28,4326000,2003
HI,7000,114,"798,000.00",43000,1.45,1157000,2003
ID,1.00E+05,46,"4,600,000.00",1380000,1.33,6118000,2003
IL,7000,60,"420,000.00",252000,1.83,769000,2003
IN,5000,56,"280,000.00",78000,1.66,465000,2003
IA,32000,59,"1,888,000.00",868000,1.42,2681000,2003
KS,16000,57,"912,000.00",447000,1.41,1286000,2003
KY,5000,48,"240,000.00",14000,1.67,401000,2003
LA,34000,90,"3,060,000.00",275000,1.24,3794000,2003
ME,8000,33,"264,000.00",145000,1.41,372000,2003
MD,2000,42,"84,000.00",21000,1.93,162000,2003
MI,65000,74,"4,810,000.00",1732000,1.41,6782000,2003
MN,120000,83,"9,960,000.00",1892000,1.44,14342000,2003
MS,21000,69,"1,449,000.00",246000,1.29,1869000,2003
MO,17000,53,"901,000.00",189000,1.41,1270000,2003
MT,145000,66,"9,570,000.00",1914000,1.44,13781000,2003
NE,45000,74,"3,330,000.00",1299000,1.38,4595000,2003
NV,6000,64,"384,000.00",46000,2.04,783000,2003
NJ,10000,19,"190,000.00",101000,1.6,304000,2003
NM,6000,41,"246,000.00",108000,1.2,295000,2003
NY,67000,72,"4,824,000.00",1640000,1.36,6561000,2003
NC,10000,44,"440,000.00",79000,1.92,845000,2003
ND,340000,87,"29,580,000.00",6803000,1.36,40229000,2003
OH,15000,50,"750,000.00",278000,1.4,1050000,2003
OK,3000,47,"141,000.00",69000,1.84,259000,2003
OR,42000,51,"2,142,000.00",964000,1.27,2720000,2003
PA,27000,50,"1,350,000.00",419000,1.44,1944000,2003
SC,4000,70,"280,000.00",8000,1.89,529000,2003
SD,215000,70,"15,050,000.00",2709000,1.43,21522000,2003
TN,6000,40,"240,000.00",46000,1.52,365000,2003
TX,140000,67,"9,380,000.00",1126000,1.4,13132000,2003
UT,25000,57,"1,425,000.00",157000,1.28,1824000,2003
VT,7000,83,"581,000.00",163000,1.96,1139000,2003
VA,6000,37,"222,000.00",69000,1.68,373000,2003
WA,58000,56,"3,248,000.00",942000,1.46,4742000,2003
WV,8000,47,"376,000.00",194000,1.89,711000,2003
WI,74000,77,"5,698,000.00",2678000,1.47,8376000,2003
WY,39000,81,"3,159,000.00",474000,1.41,4454000,2003
AL,12000,87,"1,044,000.00",282000,1.41,1472000,2004
AZ,32000,55,"1,760,000.00",774000,1.11,1954000,2004
AR,40000,57,"2,280,000.00",388000,0.87,1984000,2004
CA,390000,45,"17,550,000.00",5792000,1.05,18428000,2004
CO,23000,80,"1,840,000.00",791000,1.35,2484000,2004
FL,205000,98,"20,090,000.00",2009000,1.02,20492000,2004
GA,63000,49,"3,087,000.00",648000,1.2,3704000,2004
HI,8000,96,"768,000.00",77000,1.59,1221000,2004
ID,1.00E+05,63,"6,300,000.00",2520000,1.02,6426000,2004
IL,7000,55,"385,000.00",193000,1.86,716000,2004
IN,7000,59,"413,000.00",145000,1.47,607000,2004
IA,35000,67,"2,345,000.00",1337000,1.06,2486000,2004
KS,14000,80,"1,120,000.00",683000,1.18,1322000,2004
KY,5000,56,"280,000.00",34000,1.96,549000,2004
LA,35000,98,"3,430,000.00",240000,0.79,2710000,2004
ME,7000,31,"217,000.00",37000,1.28,278000,2004
MI,65000,67,"4,355,000.00",2439000,1.16,5052000,2004
MN,135000,75,"10,125,000.00",1924000,1.08,10935000,2004
MS,18000,65,"1,170,000.00",421000,0.79,924000,2004
MO,16000,41,"656,000.00",151000,1.36,892000,2004
MT,140000,77,"10,780,000.00",3773000,1.08,11642000,2004
NE,51000,89,"4,539,000.00",2043000,1.01,4584000,2004
NV,14000,55,"770,000.00",316000,1.78,1371000,2004
NJ,12000,27,"324,000.00",45000,1.4,454000,2004
NM,8000,44,"352,000.00",127000,1.19,419000,2004
NY,64000,67,"4,288,000.00",1887000,1.36,5832000,2004
NC,9000,40,"360,000.00",72000,1.93,695000,2004
ND,390000,78,"30,420,000.00",9126000,1.05,31941000,2004
OH,16000,58,"928,000.00",353000,1.53,1420000,2004
OR,42000,54,"2,268,000.00",1111000,1.21,2744000,2004
PA,30000,54,"1,620,000.00",810000,1.42,2300000,2004
SD,215000,105,"22,575,000.00",13545000,1.01,22801000,2004
TN,6000,54,"324,000.00",91000,1.73,561000,2004
TX,116000,76,"8,816,000.00",1411000,0.97,8552000,2004
UT,24000,70,"1,680,000.00",554000,1.1,1848000,2004
VT,6000,68,"408,000.00",192000,1.51,616000,2004
VA,7000,38,"266,000.00",69000,2.1,559000,2004
WA,56000,63,"3,528,000.00",1376000,0.98,3457000,2004
WV,9000,55,"495,000.00",183000,1.41,698000,2004
WI,68000,86,"5,848,000.00",2632000,1.19,6959000,2004
WY,39000,75,"2,925,000.00",380000,1.1,3218000,2004
AL,13000,66,"858,000.00",266000,1.02,875000,2005
AZ,36000,50,"1,800,000.00",720000,1.04,1872000,2005
AR,36000,69,"2,484,000.00",571000,0.97,2409000,2005
CA,4.00E+05,75,"30,000,000.00",9300000,0.86,25800000,2005
CO,28000,70,"1,960,000.00",902000,0.97,1901000,2005
FL,160000,86,"13,760,000.00",2477000,0.87,11971000,2005
GA,59000,49,"2,891,000.00",434000,0.89,2573000,2005
HI,9000,131,"1,179,000.00",283000,1.43,1686000,2005
ID,95000,37,"3,515,000.00",1793000,0.8,2812000,2005
IL,8000,85,"680,000.00",408000,1.84,1251000,2005
IN,8000,64,"512,000.00",189000,1.18,604000,2005
IA,28000,88,"2,464,000.00",1232000,1.21,2981000,2005
KS,16000,50,"800,000.00",328000,1.05,840000,2005
KY,5000,50,"250,000.00",40000,2.08,520000,2005
LA,35000,97,"3,395,000.00",611000,0.72,2444000,2005
ME,8000,26,"208,000.00",193000,1.66,345000,2005
MI,65000,68,"4,420,000.00",2519000,0.94,4155000,2005
MN,120000,74,"8,880,000.00",1598000,0.9,7992000,2005
MS,16000,80,"1,280,000.00",346000,0.67,858000,2005
MO,15000,50,"750,000.00",180000,1.22,915000,2005
MT,130000,67,"8,710,000.00",3136000,0.86,7491000,2005
NE,40000,68,"2,720,000.00",2530000,0.87,2366000,2005
NV,12000,46,"552,000.00",442000,3.11,1717000,2005
NJ,12000,32,"384,000.00",104000,1.2,461000,2005
NM,7000,49,"343,000.00",113000,1.03,353000,2005
NY,59000,73,"4,307,000.00",2283000,1.34,5771000,2005
NC,10000,54,"540,000.00",146000,1.88,1015000,2005
ND,370000,91,"33,670,000.00",8418000,0.83,27946000,2005
OH,15000,69,"1,035,000.00",580000,1.4,1449000,2005
OR,39000,42,"1,638,000.00",557000,1.08,1769000,2005
PA,28000,56,"1,568,000.00",8.00E+05,1.12,1756000,2005
SD,220000,79,"17,380,000.00",11818000,0.83,14425000,2005
TN,7000,55,"385,000.00",92000,1.67,643000,2005
TX,84000,71,"5,964,000.00",954000,0.86,5129000,2005
UT,24000,45,"1,080,000.00",346000,0.95,1026000,2005
VT,6000,91,"546,000.00",169000,1.12,612000,2005
VA,8000,37,"296,000.00",59000,2.2,651000,2005
WA,51000,55,"2,805,000.00",1935000,1.01,2833000,2005
WV,8000,51,"408,000.00",102000,1.29,526000,2005
WI,64000,83,"5,312,000.00",2922000,1.14,6056000,2005
WY,40000,56,"2,240,000.00",291000,0.89,1994000,2005
AL,11000,72,"792,000.00",230000,1.21,958000,2006
AZ,30000,65,"1,950,000.00",839000,0.91,1775000,2006
AR,32000,76,"2,432,000.00",730000,0.89,2164000,2006
CA,380000,52,"19,760,000.00",7706000,0.97,19167000,2006
CO,36000,75,"2,700,000.00",1458000,1.04,2808000,2006
FL,170000,81,"13,770,000.00",1790000,1,13770000,2006
GA,63000,74,"4,662,000.00",746000,1.2,5594000,2006
HI,10000,93,"930,000.00",233000,1.21,1125000,2006
ID,95000,44,"4,180,000.00",2592000,0.97,4055000,2006
IL,10000,66,"660,000.00",356000,2.14,1412000,2006
IN,7000,54,"378,000.00",125000,1.58,597000,2006
IA,26000,84,"2,184,000.00",1441000,1.37,2992000,2006
KS,14000,55,"770,000.00",246000,1.17,901000,2006
KY,5000,56,"280,000.00",70000,2.19,613000,2006
LA,30000,90,"2,700,000.00",675000,0.9,2430000,2006
ME,11000,23,"253,000.00",86000,1.6,405000,2006
MI,72000,55,"3,960,000.00",2099000,1.15,4554000,2006
MN,125000,80,"10,000,000.00",3300000,0.94,9400000,2006
MS,14000,98,"1,372,000.00",453000,0.93,1276000,2006
MO,15000,46,"690,000.00",117000,0.98,676000,2006
MT,132000,79,"10,428,000.00",1981000,0.95,9907000,2006
NE,47000,73,"3,431,000.00",3843000,0.93,3191000,2006
NV,9000,37,"333,000.00",50000,3.62,1205000,2006
NJ,9000,36,"324,000.00",152000,1.14,369000,2006
NM,7000,48,"336,000.00",104000,1.19,4.00E+05,2006
NY,58000,64,"3,712,000.00",2376000,1.3,4826000,2006
NC,10000,50,"500,000.00",215000,1.57,785000,2006
ND,350000,74,"25,900,000.00",7770000,0.91,23569000,2006
OH,14000,56,"784,000.00",282000,1.4,1098000,2006
OR,46000,48,"2,208,000.00",729000,1.05,2318000,2006
PA,28000,40,"1,120,000.00",605000,1.63,1826000,2006
SD,225000,47,"10,575,000.00",10575000,0.94,9941000,2006
TN,7000,55,"385,000.00",58000,1.84,708000,2006
TX,82000,70,"5,740,000.00",976000,0.89,5109000,2006
UT,26000,50,"1,300,000.00",299000,0.98,1274000,2006
VT,6000,56,"336,000.00",144000,1.2,403000,2006
VA,8000,42,"336,000.00",114000,2.2,739000,2006
WA,49000,52,"2,548,000.00",1605000,1.24,3160000,2006
WV,6000,42,"252,000.00",68000,2.02,509000,2006
WI,64000,93,"5,952,000.00",2500000,1.12,6666000,2006
WY,39000,85,"3,315,000.00",497000,0.98,3249000,2006
AL,11000,56,"616,000.00",209000,1.49,918000,2007
AZ,30000,64,"1,920,000.00",902000,1.26,2419000,2007
AR,28000,80,"2,240,000.00",672000,0.95,2128000,2007
CA,340000,40,"13,600,000.00",3672000,1.04,14144000,2007
CO,31000,51,"1,581,000.00",838000,1.15,1818000,2007
FL,160000,71,"11,360,000.00",1363000,0.99,11246000,2007
GA,60000,58,"3,480,000.00",522000,1.19,4141000,2007
HI,10000,92,"920,000.00",285000,1.7,1564000,2007
ID,92000,41,"3,772,000.00",1848000,1.15,4338000,2007
IL,9000,63,"567,000.00",374000,2.49,1412000,2007
IN,8000,53,"424,000.00",119000,1.5,636000,2007
IA,26000,81,"2,106,000.00",1221000,1.31,2759000,2007
KS,14000,40,"560,000.00",196000,1.18,661000,2007
KY,4000,61,"244,000.00",54000,2.12,517000,2007
LA,29000,89,"2,581,000.00",413000,1.08,2787000,2007
ME,9000,26,"234,000.00",59000,1.32,309000,2007
MI,72000,64,"4,608,000.00",2350000,1.19,5484000,2007
MN,130000,68,"8,840,000.00",2564000,1.04,9194000,2007
MS,15000,92,"1,380,000.00",166000,0.91,1256000,2007
MO,14000,46,"644,000.00",148000,1.12,721000,2007
MT,135000,68,"9,180,000.00",2479000,0.99,9088000,2007
NE,45000,49,"2,205,000.00",1477000,1.03,2271000,2007
NV,10000,28,"280,000.00",67000,2.99,837000,2007
NJ,9000,57,"513,000.00",185000,1.96,1005000,2007
NM,6000,59,"354,000.00",138000,1.42,503000,2007
NY,53000,57,"3,021,000.00",1843000,1.38,4169000,2007
NC,12000,45,"540,000.00",76000,2.49,1345000,2007
ND,420000,74,"31,080,000.00",9013000,0.96,29837000,2007
OH,14000,61,"854,000.00",376000,1.77,1512000,2007
OR,46000,43,"1,978,000.00",1088000,1.31,2591000,2007
PA,25000,42,"1,050,000.00",326000,1.7,1785000,2007
SD,255000,52,"13,260,000.00",10608000,1.02,13525000,2007
TN,7000,65,"455,000.00",114000,1.99,905000,2007
TX,105000,82,"8,610,000.00",1550000,0.96,8266000,2007
UT,28000,42,"1,176,000.00",270000,1.13,1329000,2007
VT,5000,64,"320,000.00",96000,1.7,544000,2007
VA,6000,46,"276,000.00",63000,2.43,671000,2007
WA,46000,44,"2,024,000.00",648000,1.25,2530000,2007
WV,6000,48,"288,000.00",95000,2.09,602000,2007
WI,60000,84,"5,040,000.00",3024000,1.22,6149000,2007
WY,43000,80,"3,440,000.00",894000,1,3440000,2007
AL,9000,66,"594,000.00",214000,1.9,1129000,2008
AZ,25000,64,"1,600,000.00",336000,1.26,2016000,2008
AR,28000,75,"2,100,000.00",525000,1.35,2835000,2008
CA,360000,51,"18,360,000.00",4039000,1.39,25520000,2008
CO,27000,45,"1,215,000.00",656000,1.51,1835000,2008
FL,150000,79,"11,850,000.00",1304000,1.32,15642000,2008
GA,65000,71,"4,615,000.00",369000,1.52,7015000,2008
HI,10000,90,"900,000.00",225000,1.59,1431000,2008
ID,90000,40,"3,600,000.00",1440000,1.46,5256000,2008
IL,8000,56,"448,000.00",116000,2.59,1160000,2008
IN,7000,67,"469,000.00",150000,1.68,788000,2008
IA,24000,62,"1,488,000.00",580000,1.58,2351000,2008
KS,10000,61,"610,000.00",128000,1.55,946000,2008
KY,4000,39,"156,000.00",27000,2.44,381000,2008
LA,40000,77,"3,080,000.00",493000,1.36,4189000,2008
ME,7000,42,"294,000.00",79000,1.57,462000,2008
MI,71000,73,"5,183,000.00",2021000,1.44,7464000,2008
MN,122000,78,"9,516,000.00",2569000,1.39,13227000,2008
MS,14000,98,"1,372,000.00",110000,1.3,1784000,2008
MO,11000,53,"583,000.00",152000,1.68,979000,2008
MT,134000,70,"9,380,000.00",4596000,1.37,12851000,2008
NE,36000,67,"2,412,000.00",1254000,1.45,3497000,2008
NV,10000,29,"290,000.00",52000,1.42,412000,2008
NJ,9000,40,"360,000.00",122000,1.62,583000,2008
NM,6000,48,"288,000.00",95000,1.48,426000,2008
NY,50000,70,"3,500,000.00",1260000,1.65,5775000,2008
NC,12000,52,"624,000.00",137000,2.18,1360000,2008
ND,4.00E+05,90,"36,000,000.00",8640000,1.36,48960000,2008
OH,14000,53,"742,000.00",371000,1.68,1247000,2008
OR,50000,43,"2,150,000.00",1097000,1.41,3032000,2008
PA,23000,48,"1,104,000.00",276000,1.65,1822000,2008
SD,225000,95,"21,375,000.00",11970000,1.34,28643000,2008
TN,7000,61,"427,000.00",149000,2.09,892000,2008
TX,77000,64,"4,928,000.00",1380000,1.34,6604000,2008
UT,28000,48,"1,344,000.00",242000,1.57,2110000,2008
VT,5000,66,"330,000.00",119000,2.2,726000,2008
VA,6000,42,"252,000.00",45000,2.42,610000,2008
WA,49000,44,"2,156,000.00",862000,1.51,3256000,2008
WV,6000,43,"258,000.00",49000,2.16,557000,2008
WI,58000,80,"4,640,000.00",2366000,1.5,6960000,2008
WY,39000,61,"2,379,000.00",381000,1.37,3259000,2008
AL,9000,50,"450,000.00",68000,1.86,837000,2009
AZ,20000,52,"1,040,000.00",562000,1.45,1508000,2009
AR,24000,57,"1,368,000.00",301000,1.42,1943000,2009
CA,355000,33,"11,715,000.00",2109000,1.39,16284000,2009
CO,28000,53,"1,484,000.00",326000,1.43,2122000,2009
FL,170000,68,"11,560,000.00",1618000,1.42,16415000,2009
GA,65000,41,"2,665,000.00",346000,1.47,3918000,2009
HI,10000,95,"950,000.00",323000,1.76,1672000,2009
ID,103000,46,"4,738,000.00",1706000,1.52,7202000,2009
IL,8000,34,"272,000.00",57000,2.55,694000,2009
IN,9000,32,"288,000.00",101000,2.02,582000,2009
IA,26000,42,"1,092,000.00",339000,1.6,1747000,2009
KS,9000,63,"567,000.00",164000,1.85,1049000,2009
KY,5000,35,"175,000.00",25000,2.71,474000,2009
LA,37000,103,"3,811,000.00",610000,1.36,5183000,2009
ME,6000,50,"300,000.00",51000,1.95,585000,2009
MI,66000,60,"3,960,000.00",1505000,1.55,6138000,2009
MN,122000,65,"7,930,000.00",1427000,1.44,11419000,2009
MS,14000,104,"1,456,000.00",87000,1.32,1922000,2009
MO,11000,47,"517,000.00",57000,1.99,1029000,2009
MT,146000,70,"10,220,000.00",3577000,1.46,14921000,2009
NE,48000,56,"2,688,000.00",1102000,1.46,3924000,2009
NJ,11000,32,"352,000.00",70000,2.36,831000,2009
NM,7000,60,"420,000.00",143000,1.59,668000,2009
NY,45000,65,"2,925,000.00",936000,1.93,5645000,2009
NC,11000,45,"495,000.00",84000,2.57,1272000,2009
ND,450000,77,"34,650,000.00",7623000,1.38,47817000,2009
OH,11000,50,"550,000.00",132000,2.81,1546000,2009
OR,55000,34,"1,870,000.00",767000,1.54,2880000,2009
PA,21000,40,"840,000.00",319000,2.03,1705000,2009
SD,270000,66,"17,820,000.00",6237000,1.42,25304000,2009
TN,7000,51,"357,000.00",86000,2.37,846000,2009
TX,89000,63,"5,607,000.00",1065000,1.39,7794000,2009
UT,26000,38,"988,000.00",198000,1.46,1442000,2009
VT,5000,49,"245,000.00",69000,2.01,492000,2009
VA,6000,39,"234,000.00",56000,3.45,807000,2009
WA,62000,44,"2,728,000.00",1064000,1.58,4310000,2009
WV,5000,37,"185,000.00",33000,2.6,481000,2009
WI,63000,60,"3,780,000.00",1588000,1.58,5972000,2009
WY,37000,48,"1,776,000.00",391000,1.43,2540000,2009
AL,9000,54,"486,000.00",73000,2.4,1166000,2010
AZ,24000,77,"1,848,000.00",665000,1.52,2809000,2010
AR,25000,60,"1,500,000.00",360000,1.47,2205000,2010
CA,410000,67,"27,470,000.00",6318000,1.55,42579000,2010
CO,34000,56,"1,904,000.00",533000,1.52,2894000,2010
FL,2.00E+05,69,"13,800,000.00",1794000,1.56,21528000,2010
GA,55000,46,"2,530,000.00",152000,1.67,4225000,2010
HI,10000,77,"770,000.00",239000,2.75,2118000,2010
ID,97000,27,"2,619,000.00",1179000,1.61,4217000,2010
IL,9000,41,"369,000.00",92000,2.78,1026000,2010
IN,10000,43,"430,000.00",151000,2.23,959000,2010
IA,27000,49,"1,323,000.00",463000,1.92,2540000,2010
KS,9000,52,"468,000.00",103000,2.02,945000,2010
KY,5000,67,"335,000.00",67000,2.72,911000,2010
LA,36000,80,"2,880,000.00",288000,1.5,4320000,2010
ME,5000,41,"205,000.00",33000,2.05,420000,2010
MI,71000,58,"4,118,000.00",1524000,1.67,6877000,2010
MN,128000,66,"8,448,000.00",1774000,1.55,13094000,2010
MS,16000,98,"1,568,000.00",78000,1.44,2258000,2010
MO,11000,52,"572,000.00",92000,1.8,1030000,2010
MT,157000,74,"11,618,000.00",2905000,1.58,18356000,2010
NE,41000,55,"2,255,000.00",902000,1.51,3405000,2010
NJ,13000,35,"455,000.00",73000,1.9,865000,2010
NM,7000,66,"462,000.00",157000,1.58,730000,2010
NY,45000,64,"2,880,000.00",1123000,1.96,5645000,2010
NC,13000,46,"598,000.00",144000,2.66,1591000,2010
ND,510000,91,"46,410,000.00",12995000,1.5,69615000,2010
OH,18000,62,"1,116,000.00",346000,2.28,2544000,2010
OR,59000,39,"2,301,000.00",874000,1.63,3751000,2010
PA,30000,37,"1,110,000.00",377000,2.13,2364000,2010
SD,265000,58,"15,370,000.00",4765000,1.51,23209000,2010
TN,8000,63,"504,000.00",106000,2.5,1260000,2010
TX,1.00E+05,72,"7,200,000.00",792000,1.51,10872000,2010
UT,26000,30,"780,000.00",195000,1.53,1193000,2010
VT,4000,65,"260,000.00",73000,3.1,806000,2010
VA,5000,37,"185,000.00",37000,3.32,614000,2010
WA,71000,37,"2,627,000.00",1077000,1.57,4124000,2010
WV,5000,40,"200,000.00",40000,2.39,478000,2010
WI,64000,64,"4,096,000.00",1556000,1.68,6881000,2010
WY,34000,36,"1,224,000.00",282000,1.59,1946000,2010
AL,9000,50,"450,000.00",63000,2.51,1130000,2011
AZ,23000,53,"1,219,000.00",427000,1.55,1889000,2011
AR,22000,64,"1,408,000.00",239000,1.62,2281000,2011
CA,370000,48,"17,760,000.00",3730000,1.65,29304000,2011
CO,31000,55,"1,705,000.00",443000,2,3410000,2011
FL,180000,61,"10,980,000.00",988000,1.68,18446000,2011
GA,65000,43,"2,795,000.00",196000,1.65,4612000,2011
HI,9000,74,"666,000.00",246000,3.65,2431000,2011
ID,87000,36,"3,132,000.00",1879000,1.78,5575000,2011
IL,7000,50,"350,000.00",98000,3.9,1365000,2011
IN,8000,51,"408,000.00",147000,2.14,873000,2011
IA,25000,62,"1,550,000.00",961000,1.96,3038000,2011
KS,7000,44,"308,000.00",117000,2.15,662000,2011
KY,4000,39,"156,000.00",12000,3.17,495000,2011
LA,36000,77,"2,772,000.00",471000,1.67,4629000,2011
ME,4000,30,"120,000.00",17000,1.98,238000,2011
MI,74000,64,"4,736,000.00",2084000,1.81,8572000,2011
MN,120000,53,"6,360,000.00",2099000,1.63,10367000,2011
MS,18000,115,"2,070,000.00",104000,1.53,3167000,2011
MO,8000,43,"344,000.00",76000,2.14,736000,2011
MT,145000,92,"13,340,000.00",3202000,1.7,22678000,2011
NE,41000,59,"2,419,000.00",653000,1.75,4233000,2011
NJ,11000,41,"451,000.00",135000,3.7,1669000,2011
NM,7000,56,"392,000.00",153000,1.69,662000,2011
NY,49000,56,"2,744,000.00",1235000,1.96,5378000,2011
NC,14000,62,"868,000.00",95000,2.83,2456000,2011
ND,460000,71,"32,660,000.00",7512000,1.67,54542000,2011
OH,15000,66,"990,000.00",228000,2.34,2317000,2011
OR,60000,34,"2,040,000.00",755000,1.68,3427000,2011
PA,24000,44,"1,056,000.00",306000,2.55,2693000,2011
SD,250000,66,"16,500,000.00",4290000,1.7,28050000,2011
TN,7000,44,"308,000.00",68000,2.93,902000,2011
TX,78000,58,"4,524,000.00",633000,1.78,8053000,2011
UT,23000,39,"897,000.00",170000,1.75,1570000,2011
VT,4000,43,"172,000.00",43000,2.31,397000,2011
VA,4000,40,"160,000.00",21000,4.07,651000,2011
WA,71000,38,"2,698,000.00",836000,1.93,5207000,2011
WV,4000,53,"212,000.00",45000,2.57,545000,2011
WI,57000,63,"3,591,000.00",1508000,1.89,6787000,2011
WY,35000,54,"1,890,000.00",265000,1.72,3251000,2011
AL,8000,54,"432,000.00",65000,2.47,1067000,2012
AZ,22000,46,"1,012,000.00",253000,1.79,1811000,2012
AR,25000,63,"1,575,000.00",189000,1.98,3119000,2012
CA,330000,35,"11,550,000.00",3119000,1.94,22407000,2012
CO,25000,48,"1,200,000.00",468000,2.07,2484000,2012
FL,193000,64,"12,352,000.00",1235000,1.84,22728000,2012
GA,59000,51,"3,009,000.00",181000,1.92,5777000,2012
HI,10000,75,"750,000.00",263000,4.15,3113000,2012
ID,92000,32,"2,944,000.00",530000,1.63,4799000,2012
IL,7000,61,"427,000.00",145000,3.55,1516000,2012
IN,8000,59,"472,000.00",203000,2.54,1199000,2012
IA,37000,61,"2,257,000.00",1196000,2.17,4898000,2012
KS,6000,55,"330,000.00",125000,2.28,752000,2012
KY,5000,51,"255,000.00",41000,3.15,803000,2012
LA,41000,86,"3,526,000.00",141000,1.83,6453000,2012
ME,4000,34,"136,000.00",24000,2.39,325000,2012
MI,73000,57,"4,161,000.00",1332000,2.03,8447000,2012
MN,125000,67,"8,375,000.00",1591000,1.92,16080000,2012
MS,18000,118,"2,124,000.00",64000,1.77,3759000,2012
MO,7000,53,"371,000.00",108000,2.8,1039000,2012
MT,145000,52,"7,540,000.00",2413000,1.95,14703000,2012
NE,43000,65,"2,795,000.00",1146000,1.93,5394000,2012
NJ,14000,33,"462,000.00",51000,1.97,910000,2012
NM,5000,52,"260,000.00",99000,3.39,881000,2012
NY,51000,51,"2,601,000.00",988000,2.23,5800000,2012
NC,13000,39,"507,000.00",106000,3.76,1906000,2012
ND,480000,69,"33,120,000.00",5962000,1.92,63590000,2012
OH,18000,60,"1,080,000.00",410000,2.46,2657000,2012
OR,60000,32,"1,920,000.00",845000,2.16,4147000,2012
PA,16000,60,"960,000.00",269000,2.57,2467000,2012
SD,260000,63,"16,380,000.00",3604000,1.95,31941000,2012
TN,6000,61,"366,000.00",59000,2.93,1072000,2012
TX,92000,52,"4,784,000.00",718000,2,9568000,2012
UT,25000,38,"950,000.00",209000,1.87,1777000,2012
VT,4000,60,"240,000.00",53000,2.39,574000,2012
VA,4000,41,"164,000.00",23000,3.77,618000,2012
WA,62000,41,"2,542,000.00",1017000,2.38,6050000,2012
WV,6000,48,"288,000.00",95000,2.91,838000,2012
WI,60000,69,"4,140,000.00",1863000,2.05,8487000,2012
WY,50000,51,"2,550,000.00",459000,1.87,4769000,2012
